Workbook

Sheet EOQ Model
A1: Section 1: Economic Order Quantity (EOQ)
B2: Product A | C2: Product B | D2: Product C | E2: Product D | F2: Product E
A3: Annual Demand (D) | B3: 75000 | C3: 10000 | D3: 20000 | E3: 45000 | F3: 100000
A4: Unit Value (or Unit Cost), (V) | B4: 20 | C4: 50 | D4: 8000 | E4: 4 | F4: 62.5
A5: Order Cost (O) | B5: 30 | C5: 80 | D5: 300 | E5: 40 | F5: 200
A6: Inventory Carrying Cost Rate (C) | B6: 0.225 | C6: 0.2 | D6: 0.15 | E6: 0.225 | F6: 0.25
A8: H (Annual Holding Cost per Unit) | B8: =B4*B6 -> 4.5 | C8: =C4*C6 -> 10 | D8: =D4*D6 -> 1200 | E8: =E4*E6 -> 0.9 | F8: =F4*F6 -> 15.625 | G8: H=V*C
A9: EOQ | B9: =SQRT((2*B5*B3)/B8) -> 1000 | C9: =SQRT((2*C5*C3)/C8) -> 400 | D9: =SQRT((2*D5*D3)/D8) -> 100 | E9: =SQRT((2*E5*E3)/E8) -> 2000 | F9: =SQRT((2*F5*F3)/F8) -> 1600
A10: Ordering Cost | B10: =(B5*B3)/B9 -> 2250 | C10: =(C5*C3)/C9 -> 2000 | D10: =(D5*D3)/D9 -> 60000 | E10: =(E5*E3)/E9 -> 900 | F10: =(F5*F3)/F9 -> 12500
A11: Holding Cost | B11: =(B8*B9)/2 -> 2250 | C11: =(C8*C9)/2 -> 2000 | D11: =(D8*D9)/2 -> 60000 | E11: =(E8*E9)/2 -> 900 | F11: =(F8*F9)/2 -> 12500
A12: Total Cost | B12: =B10+B11 -> 4500 | C12: =C10+C11 -> 4000 | D12: =D10+D11 -> 120000 | E12: =E10+E11 -> 1800 | F12: =F10+F11 -> 25000

Sheet Safety Stock
A1: Section 2: Safety Stock Calculation
A2: Period | B2: Product A | D2: Product B | F2: Product C | H2: Product D | J2: Product E
B3: Demand | C3: Order Lead Time | D3: Demand | E3: Order Lead Time | F3: Demand | G3: Order Lead Time | H3: Demand | I3: Order Lead Time | J3: Demand | K3: Order Lead Time
A4: 1 | B4: 96 | C4: 3 | D4: 107 | E4: 4 | F4: 164 | G4: 7 | H4: 168 | I4: 8 | J4: 217 | K4: 11
A5: 2 | B5: 98 | C5: 3 | D5: 94 | E5: 4 | F5: 156 | G5: 7 | H5: 200 | I5: 9 | J5: 190 | K5: 11
A6: 3 | B6: 103 | C6: 3 | D6: 98 | E6: 4 | F6: 161 | G6: 7 | H6: 194 | I6: 10 | J6: 184 | K6: 11
A7: 4 | B7: 97 | C7: 2 | D7: 100 | E7: 4 | F7: 155 | G7: 6 | H7: 177 | I7: 8 | J7: 196 | K7: 12
A8: 5 | B8: 104 | C8: 3 | D8: 95 | E8: 4 | F8: 152 | G8: 8 | H8: 172 | I8: 8 | J8: 185 | K8: 13
A9: 6 | B9: 96 | C9: 3 | D9: 106 | E9: 4 | F9: 155 | G9: 7 | H9: 195 | I9: 8 | J9: 208 | K9: 11
A10: 7 | B10: 103 | C10: 2 | D10: 102 | E10: 5 | F10: 153 | G10: 8 | H10: 193 | I10: 9 | J10: 196 | K10: 10
A11: 8 | B11: 103 | C11: 2 | D11: 104 | E11: 4 | F11: 150 | G11: 6 | H11: 191 | I11: 10 | J11: 199 | K11: 10
A12: 9 | B12: 103 | C12: 3 | D12: 95 | E12: 5 | F12: 151 | G12: 7 | H12: 182 | I12: 9 | J12: 219 | K12: 13
A13: 10 | B13: 103 | C13: 2 | D13: 90 | E13: 5 | F13: 158 | G13: 7 | H13: 181 | I13: 9 | J13: 204 | K13: 12
A14: 11 | B14: 99 | C14: 3 | D14: 107 | E14: 4 | F14: 159 | G14: 7 | H14: 161 | I14: 10 | J14: 215 | K14: 11
A15: 12 | B15: 103 | C15: 2 | D15: 103 | E15: 4 | F15: 154 | G15: 8 | H15: 189 | I15: 8 | J15: 182 | K15: 12
... A33: 30 | B33: 98 | C33: 3 | D33: 97 | E33: 5 | F33: 150 | G33: 8 | H33: 187 | I33: 8 | J33: 202 | K33: 11
A35: Safety Stock Calculation Summary
A37: Average Demand (d) | B37: =AVERAGE(B4:B33) -> 100.1 | D37: =AVERAGE(D4:D33) -> 99.1 | F37: =AVERAGE(F4:F33) -> 156 | H37: =AVERAGE(H4:H33) -> 179.86667 | J37: =AVERAGE(J4:J33) -> 202.1
A38: Standard Deviation of Demand (Sd) | B38: =_xlfn.STDEV.S(B4:B33) -> 3.0211895 | D38: =_xlfn.STDEV.S(D4:D33) -> 5.6161712 | F38: =_xlfn.STDEV.S(F4:F33) -> 4.3151697 | H38: =_xlfn.STDEV.S(H4:H33) -> 11.640397 | J38: =_xlfn.STDEV.S(J4:J33) -> 12.466092
A39: Average Lead Time (t) | B39: =AVERAGE(C4:C33) -> 2.5666667 | D39: =AVERAGE(E4:E33) -> 4.4333333 | F39: =AVERAGE(G4:G33) -> 7.1666667 | H39: =AVERAGE(I4:I33) -> 9 | J39: =AVERAGE(K4:K33) -> 11.4
A40: Standard Deviation of Lead Time (St) | B40: =_xlfn.STDEV.S(C4:C33) -> 0.50400693 | D40: =_xlfn.STDEV.S(E4:E33) -> 0.50400693 | F40: =_xlfn.STDEV.S(G4:G33) -> 0.79147759 | H40: =_xlfn.STDEV.S(I4:I33) -> 0.8304548 | J40: =_xlfn.STDEV.S(K4:K33) -> 1.1325893
A46: Combined Standard Deviation (Sc) | B46: =SQRT(B39*(B38^2)+(B37^2)*(B40^2)) -> 50.682742 | D46: =SQRT(D39*(D38^2)+(D37^2)*(D40^2)) -> 51.327819 | F46: =SQRT(F39*(F38^2)+(F37^2)*(F40^2)) -> 124.00973 | H46: =SQRT(H39*(H38^2)+(H37^2)*(H40^2)) -> 153.39891 | J46: =SQRT(J39*(J38^2)+(J37^2)*(J40^2)) -> 232.73401
A48: Service Level (Percentage) | B48: 0.95 | D48: 0.96 | F48: 0.97 | H48: 0.98 | J48: 0.99
A49: Service Level (k) | B49: =_xlfn.NORM.S.INV(B48) -> 1.6448536 | D49: =_xlfn.NORM.S.INV(D48) -> 1.7506861 | F49: =_xlfn.NORM.S.INV(F48) -> 1.8807936 | H49: =_xlfn.NORM.S.INV(H48) -> 2.0537489 | J49: =_xlfn.NORM.S.INV(J48) -> 2.3263479
A52: Safety Stock (SS) | B52: =B49*B46 -> 83.365692 | D52: =D49*D46 -> 89.858897 | F52: =F49*F46 -> 233.23671 | H52: =H49*H46 -> 315.04285 | J52: =J49*J46 -> 541.42026
A53: Safety Stock (Rounded for Planning) | B53: =ROUNDUP(B52,0) -> 84 | D53: =ROUNDUP(D52,0) -> 90 | F53: =ROUNDUP(F52,0) -> 234 | H53: =ROUNDUP(H52,0) -> 316 | J53: =ROUNDUP(J52,0) -> 542

Sheet Reorder Point (ROP)
A1: Section 3: Reorder Point (Lead-Time Demand + Safety Stock)
B2: Product A | C2: Product B | D2: Product C | E2: Product D | F2: Product E
A3: Average Demand per Period (D) | B3: ='Safety Stock'!B37 -> 100.1 | C3: ='Safety Stock'!D37 -> 99.1 | D3: ='Safety Stock'!F37 -> 156 | E3: ='Safety Stock'!H37 -> 179.86667 | F3: ='Safety Stock'!J37 -> 202.1
A4: Average Lead Time (L) | B4: ='Safety Stock'!B39 -> 2.5666667 | C4: ='Safety Stock'!D39 -> 4.4333333 | D4: ='Safety Stock'!F39 -> 7.1666667 | E4: ='Safety Stock'!H39 -> 9 | F4: ='Safety Stock'!J39 -> 11.4
A5: Lead-Time Demand | B5: =B3*B4 -> 256.92333 | C5: =C3*C4 -> 439.34333 | D5: =D3*D4 -> 1118 | E5: =E3*E4 -> 1618.8 | F5: =F3*F4 -> 2303.94
A6: Safety Stock (SS) | B6: ='Safety Stock'!B52 -> 83.365692 | C6: ='Safety Stock'!D52 -> 89.858897 | D6: ='Safety Stock'!F52 -> 233.23671 | E6: ='Safety Stock'!H52 -> 315.04285 | F6: ='Safety Stock'!J52 -> 541.42026
A7: Reorder Point (ROP) | B7: =ROUNDUP(B5 + B6, 0) -> 341 | C7: =ROUNDUP(C5 + C6, 0) -> 530 | D7: =ROUNDUP(D5 + D6, 0) -> 1352 | E7: =ROUNDUP(E5 + E6, 0) -> 1934 | F7: =ROUNDUP(F5 + F6, 0) -> 2846
